"155280019","10.236.57.15","16-11-13 14:40:31","1479025748"
"aslamak","10.251.233.144","16-11-13 14:40:41","1479026935"
"155280004","10.211.63.52","16-11-13 14:40:49","1479027091"
"ch.ishu","10.177.5.173","16-11-13 14:40:55","1479025940"
"145280034","10.214.18.43","16-11-13 14:41:01","1479027448"
"110050067","10.108.209.209","16-11-13 14:41:10","1479025913"
"155280009","10.215.205.174","16-11-13 14:41:16","1479027404"
"153040003","10.200.227.20","16-11-13 14:41:21","1479026628"
"153010040","10.13.155.65","16-11-13 14:41:31","1479025979"
"153010016","10.151.169.149","16-11-13 14:41:36","1479024889"
"153040016","10.73.44.78","16-11-13 14:41:45","1479024854"
"143050012","10.128.225.112","16-11-13 14:41:54","1479024815"
"145090006","10.114.42.104","16-11-13 14:42:02","1479025551"
"145090002","10.247.133.231","16-11-13 14:42:07","1479026837"
"163010001","10.140.242.215","16-11-13 14:42:15","1479025086"
"120020087","10.33.254.130","16-11-13 14:42:21","1479027573"
"12d070037","10.197.33.124","16-11-13 14:42:29","1479026654"
"155090028","10.160.255.98","16-11-13 14:42:32","1479026206"
"153050018","10.120.191.59","16-11-13 14:42:39","1479026022"
"malhotra","10.9.227.242","16-11-13 14:42:43","1479027417"
"153010005","10.194.180.176","16-11-13 14:42:46","1479024833"
"hareesh","10.173.223.131","16-11-13 14:42:53","1479027077"
"155280009","10.128.121.143","16-11-13 14:43:02","1479025824"
"manibabu","10.200.64.43","16-11-13 14:43:09","1479026177"
"pijush","10.93.207.167","16-11-13 14:43:19","1479028331"
"153010037","10.144.233.50","16-11-13 14:43:27","1479025833"
"hgupta","10.117.231.214","16-11-13 14:43:36","1479027108"
"vkanvar","10.111.219.27","16-11-13 14:43:42","1479026258"
"143059001","10.99.57.33","16-11-13 14:43:45","1479027815"
"adityajj","10.123.28.38","16-11-13 14:43:52","1479027453"
"130070001","10.233.241.10","16-11-13 14:43:58","1479025186"
"153040014","10.177.239.8","16-11-13 14:44:02","1479025453"
"145090006","10.179.9.225","16-11-13 14:44:18","1479027917"
"153010022","10.222.203.19","16-11-13 14:44:29","1479025292"
"hgupta","10.183.8.22","16-11-13 14:44:34","1479025884"
"153010036","10.170.200.253","16-11-13 14:44:42","1479025997"
"143014001","10.32.51.134","16-11-13 14:44:52","1479026083"
"ayush007","10.46.166.145","16-11-13 14:44:57","1479026681"
"12d070004","10.37.18.73","16-11-13 14:45:06","1479025392"
"153010022","10.205.190.58","16-11-13 14:45:13","1479026761"
"153010028","10.14.94.191","16-11-13 14:45:17","1479028294"
"14305r005","10.24.69.168","16-11-13 14:45:23","1479025753"
"163010002","10.144.77.65","16-11-13 14:45:34","1479025652"
"155090027","10.115.48.26","16-11-13 14:45:42","1479025815"
"153050020","10.186.54.158","16-11-13 14:45:46","1479025928"
"malhotra","10.83.42.134","16-11-13 14:45:56","1479028004"
"113050039","10.51.204.35","16-11-13 14:46:03","1479025211"
"155090016","10.67.174.254","16-11-13 14:46:08","1479026691"
"rushabhrambhia","10.3.151.45","16-11-13 14:46:18","1479027940"
"153040013","10.115.149.235","16-11-13 14:46:23","1479026754"
"anshula","10.106.243.230","16-11-13 14:46:29","1479025252"
"13305r004","10.17.152.216","16-11-13 14:46:35","1479027284"
"12d070057","10.63.121.52","16-11-13 14:46:40","1479026937"
"143059004","10.204.199.193","16-11-13 14:46:50","1479028007"
"gokulmc","10.212.57.175","16-11-13 14:46:53","1479027519"
"13d070031","10.160.163.3","16-11-13 14:47:07","1479028345"
"kketan","10.50.61.191","16-11-13 14:47:12","1479027163"
"155090019","10.75.160.238","16-11-13 14:47:16","1479028092"
"153050013","10.81.254.104","16-11-13 14:47:25","1479025055"
"12d070043","10.33.144.58","16-11-13 14:47:37","1479026543"
"153010045","10.27.188.160","16-11-13 14:47:45","1479027629"
"shrutiau","10.219.132.224","16-11-13 14:47:56","1479027938"
"shrutiau","10.245.132.183","16-11-13 14:48:02","1479026673"
"153040042","10.163.12.53","16-11-13 14:48:08","1479028620"
"153040042","10.169.158.192","16-11-13 14:48:11","1479026684"
"143040009","10.106.119.47","16-11-13 14:48:17","1479025671"
"11d070021","10.158.247.236","16-11-13 14:48:26","1479025402"
"153040034","10.46.214.5","16-11-13 14:48:29","1479027121"
"153040040","10.37.101.90","16-11-13 14:48:33","1479027913"
"155090021","10.144.237.152","16-11-13 14:48:49","1479027227"
"14305r009","10.245.216.210","16-11-13 14:48:54","1479026948"
"goyal.ag","10.15.33.16","16-11-13 14:49:03","1479027161"
"12d070063","10.237.49.251","16-11-13 14:49:14","1479025332"
"15v011004","10.85.229.162","16-11-13 14:49:22","1479025908"
"pvineet","10.158.231.181","16-11-13 14:49:32","1479027094"
"12d070005","10.60.190.58","16-11-13 14:49:52","1479028008"
"153050001","10.86.63.236","16-11-13 14:50:03","1479025976"
"asim.ukaye","10.136.16.101","16-11-13 14:50:19","1479025353"
"153050009","10.45.117.168","16-11-13 14:50:24","1479027672"
"webhaw","10.59.224.152","16-11-13 14:50:26","1479026521"
"12d070023","10.124.138.160","16-11-13 14:50:29","1479027383"
"153040027","10.208.252.122","16-11-13 14:50:35","1479025909"
"153014007","10.75.85.72","16-11-13 14:50:37","1479027811"
"153040039","10.102.162.235","16-11-13 14:50:45","1479026057"
"153040012","10.57.166.119","16-11-13 14:50:56","1479028729"
"12d070027","10.152.50.213","16-11-13 14:51:03","1479025994"
"153014004","10.217.80.18","16-11-13 14:51:07","1479026690"
"153010023","10.122.242.171","16-11-13 14:51:11","1479026390"
"jmardia","10.238.239.6","16-11-13 14:51:15","1479027418"
"pritamg","10.65.44.35","16-11-13 14:51:27","1479026870"
"pritamg","10.244.31.202","16-11-13 14:51:35","1479027928"
"rsrahul","10.201.152.8","16-11-13 14:51:39","1479026521"
"14305r006","10.183.73.24","16-11-13 14:51:42","1479026304"
"155280018","10.97.56.202","16-11-13 14:51:44","1479025507"
"143040009","10.222.194.212","16-11-13 14:51:51","1479028092"
"153040036","10.172.224.225","16-11-13 14:51:56","1479025752"
"13d070018","10.199.65.19","16-11-13 14:52:01","1479028118"
"155090015","10.230.120.221","16-11-13 14:52:09","1479027857"
"153040031","10.39.206.163","16-11-13 14:52:15","1479028350"
"153010030","10.121.107.70","16-11-13 14:52:25","1479025678"
"pvineet","10.88.53.87","16-11-13 14:52:30","1479027992"
"143040005","10.13.224.154","16-11-13 14:52:40","1479028270"
"udaykrs","10.128.119.37","16-11-13 14:52:44","1479027449"
"153040002","10.117.149.61","16-11-13 14:52:50","1479026954"
"153010040","10.115.111.105","16-11-13 14:52:54","1479028487"
"sagunpai","10.231.104.248","16-11-13 14:53:01","1479028312"
"13d070036","10.86.77.136","16-11-13 14:53:09","1479028239"
"12d070024","10.164.110.20","16-11-13 14:53:17","1479028048"
"153040005","10.34.189.55","16-11-13 14:53:26","1479026403"
"153050009","10.85.97.79","16-11-13 14:53:38","1479027962"
"15v011004","10.34.218.9","16-11-13 14:53:49","1479026760"
"143040010","10.103.140.198","16-11-13 14:53:58","1479027156"
"155280019","10.234.117.44","16-11-13 14:54:03","1479027040"
"145090006","10.227.182.244","16-11-13 14:54:06","1479028345"
"143040009","10.65.189.107","16-11-13 14:54:08","1479026347"
"153040008","10.201.40.181","16-11-13 14:54:12","1479026668"
"153040010","10.99.204.62","16-11-13 14:54:23","1479028954"
"153040036","10.103.51.148","16-11-13 14:54:37","1479028379"
"153010001","10.189.190.170","16-11-13 14:54:45","1479026714"
"12d070063","10.176.31.225","16-11-13 14:54:48","1479026209"
"153040006","10.238.96.41","16-11-13 14:54:57","1479028079"
"153050017","10.85.132.179","16-11-13 14:55:08","1479026595"
"153050019","10.24.243.22","16-11-13 14:55:11","1479027869"
"153040007","10.20.219.173","16-11-13 14:55:27","1479028229"
"153014009","10.130.56.44","16-11-13 14:55:43","1479028588"
"153010031","10.37.164.119","16-11-13 14:55:49","1479028537"
"153050013","10.128.84.144","16-11-13 14:55:58","1479028786"
"143045001","10.177.67.128","16-11-13 14:56:07","1479027390"
"153040004","10.78.87.118","16-11-13 14:56:15","1479025728"
"13d070009","10.245.24.143","16-11-13 14:56:24","1479025694"
"163010005","10.53.119.141","16-11-13 14:56:35","1479027198"
"153040028","10.210.169.197","16-11-13 14:56:42","1479025924"
"sdp1095","10.4.152.192","16-11-13 14:56:50","1479027443"
"mustafa","10.102.124.183","16-11-13 14:56:53","1479027259"
"155280015","10.180.85.119","16-11-13 14:57:07","1479027780"
"153010013","10.42.222.231","16-11-13 14:57:19","1479027117"
"153010028","10.146.123.11","16-11-13 14:57:36","1479025945"
"155090003","10.45.254.204","16-11-13 14:57:57","1479028434"
"sachchit","10.55.138.161","16-11-13 14:58:04","1479028938"
"143059004","10.124.186.236","16-11-13 14:58:13","1479026767"
"145090006","10.128.6.178","16-11-13 14:58:15","1479027094"
"malhotra","10.100.222.205","16-11-13 14:58:25","1479027220"
"155280007","10.44.206.193","16-11-13 14:58:39","1479028020"
"manibabu","10.199.194.225","16-11-13 14:58:41","1479028623"
"09d07030","10.122.163.146","16-11-13 14:58:52","1479028184"
"143044001","10.141.35.167","16-11-13 14:59:02","1479028538"
"12d070023","10.178.87.45","16-11-13 14:59:12","1479027123"
"153050008","10.234.10.203","16-11-13 14:59:21","1479028956"
"153050012","10.180.108.237","16-11-13 14:59:27","1479026387"
"abhi333","10.104.158.103","16-11-13 14:59:35","1479028242"
"143059007","10.16.199.13","16-11-13 14:59:45","1479028611"
"14305r003","10.167.128.198","16-11-13 14:59:48","1479029191"
"153050008","10.163.8.214","16-11-13 14:59:51","1479027671"
"153050008","10.75.29.209","16-11-13 14:59:57","1479028711"
"143044001","10.162.149.213","16-11-13 15:00:00","1479027968"
"153050018","10.138.109.73","16-11-13 15:00:06","1479027476"
"rpsingh","10.2.16.134","16-11-13 15:00:09","1479028821"
"sontakke","10.51.200.61","16-11-13 15:00:20","1479027916"
"153010014","10.116.208.88","16-11-13 15:00:39","1479029159"
"rsrahul","10.42.95.104","16-11-13 15:00:41","1479029283"
"jmardia","10.227.208.231","16-11-13 15:00:50","1479027444"
"maulik","10.251.57.92","16-11-13 15:01:01","1479026118"
"udaykrs","10.177.246.3","16-11-13 15:01:05","1479027983"
"153040008","10.251.186.194","16-11-13 15:01:11","1479026509"
"153010045","10.16.184.146","16-11-13 15:01:27","1479029025"
"153040011","10.248.139.182","16-11-13 15:01:33","1479028508"
"rajat_a","10.66.149.145","16-11-13 15:01:40","1479028270"
"153014006","10.44.97.174","16-11-13 15:01:47","1479029412"
"153040007","10.142.246.193","16-11-13 15:01:54","1479027230"
"153040032","10.89.147.217","16-11-13 15:01:58","1479029280"
"155090017","10.43.74.202","16-11-13 15:02:06","1479027578"
"123040016","10.188.115.181","16-11-13 15:02:49","1479028044"
"12d070026","10.225.88.126","16-11-13 15:02:59","1479029347"
"sandeepv","10.69.39.208","16-11-13 15:03:01","1479028574"
"153014009","10.32.167.182","16-11-13 15:03:05","1479029371"
"155090003","10.169.108.70","16-11-13 15:03:08","1479028810"
"13d070018","10.100.95.68","16-11-13 15:03:14","1479028787"
"14305r003","10.245.201.228","16-11-13 15:03:17","1479028761"
"pijush","10.65.108.165","16-11-13 15:03:20","1479029278"
"153040019","10.84.92.246","16-11-13 15:03:25","1479026494"
"153050014","10.250.186.177","16-11-13 15:03:34","1479027884"
"155280003","10.169.177.20","16-11-13 15:03:40","1479029080"
"153010029","10.207.253.163","16-11-13 15:03:50","1479028929"
"13d070016","10.176.20.220","16-11-13 15:03:52","1479027457"
"145090010","10.166.122.15","16-11-13 15:04:11","1479029142"
"153040042","10.105.95.231","16-11-13 15:04:14","1479028340"
"155090018","10.145.241.38","16-11-13 15:04:20","1479028976"
"bhaveshs","10.79.223.30","16-11-13 15:04:28","1479027135"
"neiladit","10.251.38.122","16-11-13 15:04:39","1479028751"
"153010045","10.27.159.122","16-11-13 15:04:51","1479027682"
"udaykrs","10.165.49.167","16-11-13 15:05:06","1479029213"
"153010037","10.95.48.11","16-11-13 15:05:17","1479029230"
"153040008","10.18.251.10","16-11-13 15:05:50","1479029556"
"adityajj","10.32.241.205","16-11-13 15:06:08","1479027188"
"12d070024","10.23.204.91","16-11-13 15:06:13","1479027501"
"143050077","10.240.4.24","16-11-13 15:06:20","1479027986"
"153040023","10.5.203.0","16-11-13 15:06:40","1479027558"
"153010029","10.135.178.86","16-11-13 15:06:50","1479027215"
"rakeshm","10.57.208.77","16-11-13 15:07:05","1479029441"
"153050003","10.233.157.251","16-11-13 15:07:11","1479026325"
"145090029","10.176.135.165","16-11-13 15:07:21","1479029392"
"smjoshi","10.126.105.208","16-11-13 15:07:26","1479028530"
"110050067","10.136.55.38","16-11-13 15:07:37","1479026368"
"153040023","10.57.186.41","16-11-13 15:07:46","1479029016"
"153010036","10.3.71.14","16-11-13 15:07:49","1479028386"
"12d070043","10.232.206.125","16-11-13 15:07:57","1479029723"
"12d070006","10.220.109.195","16-11-13 15:08:34","1479029722"
"sharda","10.127.72.17","16-11-13 15:08:38","1479027671"
"10304006","10.11.125.110","16-11-13 15:08:49","1479027918"
"13305r004","10.43.61.14","16-11-13 15:09:03","1479028695"
"155280008","10.173.246.239","16-11-13 15:09:29","1479029715"
"153040028","10.76.181.243","16-11-13 15:09:36","1479028729"
"155090001","10.227.135.228","16-11-13 15:09:49","1479026625"
"143044001","10.169.3.110","16-11-13 15:10:03","1479027842"
"153040042","10.13.243.31","16-11-13 15:10:13","1479028589"
"153010029","10.104.23.95","16-11-13 15:10:24","1479027695"
"153050003","10.223.201.37","16-11-13 15:10:32","1479029794"
"155280015","10.49.51.251","16-11-13 15:10:41","1479028847"
"12d070005","10.166.144.119","16-11-13 15:10:44","1479029344"
"12d070039","10.66.206.102","16-11-13 15:10:58","1479028404"
"155090020","10.194.252.76","16-11-13 15:11:23","1479026625"
"153010026","10.188.220.39","16-11-13 15:12:07","1479028748"
"153040040","10.139.46.164","16-11-13 15:12:42","1479028052"
"153040026","10.135.247.212","16-11-13 15:12:56","1479027518"
"153010025","10.35.69.116","16-11-13 15:13:23","1479027944"
"153010025","10.233.145.254","16-11-13 15:13:36","1479027386"
"155280012","10.55.89.4","16-11-13 15:13:48","1479026855"
"155090005","10.144.13.76","16-11-13 15:14:32","1479026857"
"12d070044","10.123.53.175","16-11-13 15:14:43","1479028989"
"155090008","10.127.233.68","16-11-13 15:15:03","1479030117"
"adityajj","10.24.120.31","16-11-13 15:15:20","1479028341"
"shrutiau","10.49.19.162","16-11-13 15:15:24","1479027432"
"153050002","10.193.240.102","16-11-13 15:15:33","1479028156"
"153050007","10.193.72.147","16-11-13 15:15:54","1479027309"
"155090013","10.224.163.108","16-11-13 15:16:00","1479026881"
"130070001","10.188.75.81","16-11-13 15:16:11","1479028651"
"13d070036","10.208.214.0","16-11-13 15:16:25","1479027209"
"anshula","10.42.160.226","16-11-13 15:16:33","1479028599"
"adityajj","10.219.36.177","16-11-13 15:16:50","1479029646"
"143040009","10.228.104.133","16-11-13 15:16:54","1479029043"
"143059011","10.146.156.185","16-11-13 15:17:03","1479027557"
"153040007","10.248.44.238","16-11-13 15:17:08","1479029911"
"143059006","10.208.43.193","16-11-13 15:17:23","1479027773"
"143045001","10.86.80.49","16-11-13 15:17:40","1479029357"
"153010009","10.17.41.23","16-11-13 15:17:54","1479030346"
"143050012","10.73.239.184","16-11-13 15:18:03","1479027852"
"12d070015","10.94.185.191","16-11-13 15:18:07","1479027256"
"153010008","10.48.174.202","16-11-13 15:18:11","1479027793"
"sandeepv","10.22.48.76","16-11-13 15:18:24","1479028196"
"143050012","10.200.183.16","16-11-13 15:18:52","1479030139"
"133014016","10.185.54.90","16-11-13 15:19:02","1479029945"
"155280018","10.146.187.43","16-11-13 15:19:28","1479029231"
"swapnilb","10.253.229.145","16-11-13 15:19:39","1479027633"
"12d070041","10.240.150.26","16-11-13 15:19:48","1479030374"
"155280015","10.125.125.50","16-11-13 15:20:00","1479027574"
"130010015","10.191.100.155","16-11-13 15:20:18","1479027277"
"153040017","10.9.226.222","16-11-13 15:20:25","1479028930"
"153040018","10.13.165.196","16-11-13 15:20:38","1479029798"
"sachchit","10.112.58.198","16-11-13 15:21:07","1479030537"
"143059001","10.252.87.6","16-11-13 15:21:47","1479028544"
"143040009","10.53.185.55","16-11-13 15:21:57","1479029520"
"12d070023","10.60.68.181","16-11-13 15:22:54","1479028943"
"153050021","10.115.5.80","16-11-13 15:23:02","1479029276"
"145090029","10.75.94.46","16-11-13 15:23:19","1479027688"
"malhotra","10.189.21.213","16-11-13 15:23:29","1479030426"
"120020087","10.115.172.228","16-11-13 15:23:46","1479027456"
"155090017","10.222.235.171","16-11-13 15:24:48","1479028155"
"smjoshi","10.199.233.8","16-11-13 15:24:58","1479028464"
"12d070060","10.116.121.206","16-11-13 15:25:09","1479027481"
"12d070006","10.57.215.223","16-11-13 15:25:54","1479029164"
"153010030","10.154.247.197","16-11-13 15:26:07","1479027732"
"153010021","10.100.119.181","16-11-13 15:27:03","1479030548"
"skbose","10.86.221.62","16-11-13 15:27:24","1479028479"
"14305r005","10.135.157.44","16-11-13 15:27:48","1479029360"
"153050013","10.203.162.114","16-11-13 15:27:54","1479029021"
"153010021","10.52.132.43","16-11-13 15:27:58","1479030841"
"153040027","10.34.190.102","16-11-13 15:28:17","1479030985"
"kush_g","10.213.17.127","16-11-13 15:28:28","1479028854"
"mohitp","10.113.238.74","16-11-13 15:28:33","1479028454"
"sagunpai","10.63.103.245","16-11-13 15:28:42","1479029557"
"neiladit","10.72.161.214","16-11-13 15:28:45","1479028225"
"153040008","10.163.62.73","16-11-13 15:28:53","1479030821"
"113050039","10.204.86.33","16-11-13 15:29:14","1479028692"
"153050021","10.231.143.211","16-11-13 15:29:27","1479031045"
"155090027","10.120.191.185","16-11-13 15:29:47","1479028890"
"ritesh.k","10.240.77.45","16-11-13 15:30:02","1479029213"
"153010028","10.217.219.13","16-11-13 15:30:38","1479029340"
"12d070023","10.239.66.114","16-11-13 15:30:47","1479029424"
"153040016","10.30.99.71","16-11-13 15:31:11","1479029652"
"153040026","10.44.109.31","16-11-13 15:31:23","1479030995"
"12d070041","10.140.33.248","16-11-13 15:31:51","1479028374"
"153040018","10.137.72.51","16-11-13 15:32:20","1479029551"
"ujhamre2","10.53.110.98","16-11-13 15:34:10","1479029682"
"155090016","10.176.24.79","16-11-13 15:34:13","1479029611"
"155280003","10.189.81.159","16-11-13 15:34:26","1479028604"
"155280008","10.122.49.248","16-11-13 15:34:32","1479030054"
"153010036","10.120.90.164","16-11-13 15:35:23","1479029020"
"155280015","10.8.107.49","16-11-13 15:35:41","1479029064"
"155090003","10.47.249.10","16-11-13 15:35:49","1479030579"
"12d070054","10.58.51.220","16-11-13 15:36:27","1479028795"
"153040038","10.47.226.50","16-11-13 15:36:43","1479030641"
"13305r004","10.185.89.232","16-11-13 15:37:00","1479028054"
"12d070015","10.122.15.39","16-11-13 15:37:03","1479031403"
"153040012","10.169.65.24","16-11-13 15:37:07","1479029940"
"12d070038","10.249.85.214","16-11-13 15:37:14","1479028303"
"155090028","10.197.135.252","16-11-13 15:37:48","1479029126"
"143059004","10.41.224.208","16-11-13 15:37:57","1479029091"
"12d070043","10.131.66.224","16-11-13 15:38:21","1479029147"
"143059009","10.95.9.250","16-11-13 15:38:28","1479028327"
"130010057","10.240.38.142","16-11-13 15:38:32","1479028945"
"sandeepv","10.90.24.65","16-11-13 15:38:41","1479030316"
"143059011","10.121.121.164","16-11-13 15:38:45","1479029055"
"153014002","10.207.144.160","16-11-13 15:38:51","1479030511"
"13d070009","10.10.11.18","16-11-13 15:38:55","1479028959"
"143014001","10.94.245.189","16-11-13 15:38:59","1479030264"
"155280018","10.35.8.12","16-11-13 15:39:09","1479031149"
"nithinm","10.24.158.210","16-11-13 15:39:16","1479029162"
"153040005","10.168.9.87","16-11-13 15:39:35","1479030917"
"bhaveshs","10.105.85.172","16-11-13 15:39:44","1479029201"
"dipakc","10.183.183.251","16-11-13 15:39:57","1479028487"
"153050008","10.190.8.90","16-11-13 15:40:56","1479029884"
"153010031","10.234.213.139","16-11-13 15:41:20","1479031152"
"153014002","10.203.152.241","16-11-13 15:41:27","1479029408"
"12d070024","10.161.15.116","16-11-13 15:41:39","1479030780"
"sumeetk","10.55.119.147","16-11-13 15:42:23","1479029159"
"163010004","10.1.154.21","16-11-13 15:42:33","1479030011"
"153040001","10.198.181.65","16-11-13 15:42:47","1479031549"
"155280002","10.118.66.231","16-11-13 15:43:00","1479028428"
"155280020","10.104.51.94","16-11-13 15:43:02","1479029981"
"153010039","10.172.57.5","16-11-13 15:43:23","1479031028"
"153050003","10.223.204.147","16-11-13 15:43:49","1479030313"
"155280017","10.175.46.135","16-11-13 15:43:55","1479029911"
"punithp","10.170.176.43","16-11-13 15:44:15","1479028603"
