"malhotra","10.9.227.242","16-11-13 14:42:43","1479027417"","16-11-13 14:44:03", "1479031454"
"12d070037","10.197.33.124","16-11-13 14:42:29","1479026654"","16-11-13 14:45:14", "1479030776"
"13305r004","10.17.152.216","16-11-13 14:46:35","1479027284"","16-11-13 14:48:50", "1479029532"
"153010037","10.144.233.50","16-11-13 14:43:27","1479025833"","16-11-13 14:50:12", "1479031382"
"hgupta","10.183.8.22","16-11-13 14:44:34","1479025884"","16-11-13 14:50:57", "1479030417"
"153040012","10.57.166.119","16-11-13 14:50:56","1479028729"","16-11-13 14:52:10", "1479031126"
"hgupta","10.117.231.214","16-11-13 14:43:36","1479027108"","16-11-13 14:52:41", "1479030232"
"adityajj","10.123.28.38","16-11-13 14:43:52","1479027453"","16-11-13 14:52:51", "1479030848"
"aslamak","10.251.233.144","16-11-13 14:40:41","1479026935"","16-11-13 14:53:10", "1479032021"
"153010028","10.14.94.191","16-11-13 14:45:17","1479028294"","16-11-13 14:53:33", "1479032288"
"153040003","10.200.227.20","16-11-13 14:41:21","1479026628"","16-11-13 14:53:39", "1479030755"
"153040036","10.172.224.225","16-11-13 14:51:56","1479025752"","16-11-13 14:53:50", "1479031353"
"pvineet","10.158.231.181","16-11-13 14:49:32","1479027094"","16-11-13 14:54:38", "1479031475"
"153040013","10.115.149.235","16-11-13 14:46:23","1479026754"","16-11-13 14:54:46", "1479032564"
"130070001","10.233.241.10","16-11-13 14:43:58","1479025186"","16-11-13 14:55:09", "1479030882"
"153050013","10.81.254.104","16-11-13 14:47:25","1479025055"","16-11-13 14:55:50", "1479030671"
"155280018","10.97.56.202","16-11-13 14:51:44","1479025507"","16-11-13 14:55:59", "1479032293"
"pvineet","10.88.53.87","16-11-13 14:52:30","1479027992"","16-11-13 14:56:36", "1479029509"
"12d070005","10.60.190.58","16-11-13 14:49:52","1479028008"","16-11-13 14:56:43", "1479031215"
"12d070004","10.37.18.73","16-11-13 14:45:06","1479025392"","16-11-13 14:57:04", "1479031840"
"155090015","10.230.120.221","16-11-13 14:52:09","1479027857"","16-11-13 14:57:13", "1479031982"
"153010040","10.13.155.65","16-11-13 14:41:31","1479025979"","16-11-13 14:57:14", "1479029697"
"153014007","10.75.85.72","16-11-13 14:50:37","1479027811"","16-11-13 14:58:05", "1479032449"
"155280009","10.128.121.143","16-11-13 14:43:02","1479025824"","16-11-13 14:58:16", "1479030712"
"153040036","10.103.51.148","16-11-13 14:54:37","1479028379"","16-11-13 14:58:40", "1479031897"
"153050013","10.128.84.144","16-11-13 14:55:58","1479028786"","16-11-13 14:58:58", "1479030490"
"sdp1095","10.4.152.192","16-11-13 14:56:50","1479027443"","16-11-13 14:59:13", "1479030055"
"malhotra","10.100.222.205","16-11-13 14:58:25","1479027220"","16-11-13 14:59:42", "1479031605"
"14305r005","10.24.69.168","16-11-13 14:45:23","1479025753"","16-11-13 15:00:07", "1479030636"
"pritamg","10.65.44.35","16-11-13 14:51:27","1479026870"","16-11-13 15:00:21", "1479030265"
"155090003","10.45.254.204","16-11-13 14:57:57","1479028434"","16-11-13 15:00:22", "1479032707"
"143059007","10.16.199.13","16-11-13 14:59:45","1479028611"","16-11-13 15:01:12", "1479032540"
"155090016","10.67.174.254","16-11-13 14:46:08","1479026691"","16-11-13 15:01:48", "1479033045"
"143040009","10.106.119.47","16-11-13 14:48:17","1479025671"","16-11-13 15:01:49", "1479032075"
"153050020","10.186.54.158","16-11-13 14:45:46","1479025928"","16-11-13 15:02:39", "1479030616"
"145090006","10.227.182.244","16-11-13 14:54:06","1479028345"","16-11-13 15:02:45", "1479030564"
"145090006","10.179.9.225","16-11-13 14:44:18","1479027917"","16-11-13 15:02:45", "1479030988"
"12d070023","10.178.87.45","16-11-13 14:59:12","1479027123"","16-11-13 15:03:35", "1479029718"
"153014004","10.217.80.18","16-11-13 14:51:07","1479026690"","16-11-13 15:03:41", "1479031309"
"153014009","10.130.56.44","16-11-13 14:55:43","1479028588"","16-11-13 15:04:12", "1479031052"
"sagunpai","10.231.104.248","16-11-13 14:53:01","1479028312"","16-11-13 15:04:21", "1479032103"
"113050039","10.51.204.35","16-11-13 14:46:03","1479025211"","16-11-13 15:04:25", "1479032281"
"153050019","10.24.243.22","16-11-13 14:55:11","1479027869"","16-11-13 15:04:52", "1479032519"
"udaykrs","10.128.119.37","16-11-13 14:52:44","1479027449"","16-11-13 15:07:22", "1479032775"
"143050077","10.240.4.24","16-11-13 15:06:20","1479027986"","16-11-13 15:07:27", "1479030862"
"goyal.ag","10.15.33.16","16-11-13 14:49:03","1479027161"","16-11-13 15:07:36", "1479030163"
"153010005","10.194.180.176","16-11-13 14:42:46","1479024833"","16-11-13 15:07:44", "1479032262"
"155280003","10.169.177.20","16-11-13 15:03:40","1479029080"","16-11-13 15:08:05", "1479032933"
"bhaveshs","10.79.223.30","16-11-13 15:04:28","1479027135"","16-11-13 15:08:33", "1479030219"
"153040032","10.89.147.217","16-11-13 15:01:58","1479029280"","16-11-13 15:08:50", "1479031307"
"153010031","10.37.164.119","16-11-13 14:55:49","1479028537"","16-11-13 15:08:56", "1479031513"
"120020087","10.33.254.130","16-11-13 14:42:21","1479027573"","16-11-13 15:09:15", "1479031740"
"manibabu","10.200.64.43","16-11-13 14:43:09","1479026177"","16-11-13 15:09:16", "1479031120"
"143040009","10.65.189.107","16-11-13 14:54:08","1479026347"","16-11-13 15:09:43", "1479031975"
"12d070057","10.63.121.52","16-11-13 14:46:40","1479026937"","16-11-13 15:10:14", "1479030396"
"163010005","10.53.119.141","16-11-13 14:56:35","1479027198"","16-11-13 15:10:25", "1479032678"
"153050009","10.85.97.79","16-11-13 14:53:38","1479027962"","16-11-13 15:10:42", "1479032255"
"153010040","10.115.111.105","16-11-13 14:52:54","1479028487"","16-11-13 15:11:14", "1479032185"
"143040010","10.103.140.198","16-11-13 14:53:58","1479027156"","16-11-13 15:11:38", "1479031916"
"155090003","10.169.108.70","16-11-13 15:03:08","1479028810"","16-11-13 15:11:50", "1479030835"
"143045001","10.177.67.128","16-11-13 14:56:07","1479027390"","16-11-13 15:12:22", "1479033634"
"anshula","10.106.243.230","16-11-13 14:46:29","1479025252"","16-11-13 15:12:47", "1479033228"
"153010036","10.3.71.14","16-11-13 15:07:49","1479028386"","16-11-13 15:12:48", "1479033668"
"13d070018","10.100.95.68","16-11-13 15:03:14","1479028787"","16-11-13 15:12:57", "1479032872"
"143059004","10.204.199.193","16-11-13 14:46:50","1479028007"","16-11-13 15:13:43", "1479031087"
"14305r006","10.183.73.24","16-11-13 14:51:42","1479026304"","16-11-13 15:13:49", "1479030975"
"153010045","10.27.188.160","16-11-13 14:47:45","1479027629"","16-11-13 15:13:53", "1479033112"
"rakeshm","10.57.208.77","16-11-13 15:07:05","1479029441"","16-11-13 15:14:06", "1479033475"
"rsrahul","10.42.95.104","16-11-13 15:00:41","1479029283"","16-11-13 15:14:19", "1479030866"
"153010045","10.16.184.146","16-11-13 15:01:27","1479029025"","16-11-13 15:14:25", "1479032527"
"rajat_a","10.66.149.145","16-11-13 15:01:40","1479028270"","16-11-13 15:14:33", "1479030846"
"10304006","10.11.125.110","16-11-13 15:08:49","1479027918"","16-11-13 15:14:34", "1479031799"
"155090018","10.145.241.38","16-11-13 15:04:20","1479028976"","16-11-13 15:15:04", "1479032208"
"155280015","10.180.85.119","16-11-13 14:57:07","1479027780"","16-11-13 15:15:21", "1479033262"
"udaykrs","10.177.246.3","16-11-13 15:01:05","1479027983"","16-11-13 15:15:22", "1479032209"
"12d070063","10.237.49.251","16-11-13 14:49:14","1479025332"","16-11-13 15:15:29", "1479033426"
"153040028","10.76.181.243","16-11-13 15:09:36","1479028729"","16-11-13 15:15:30", "1479031200"
"sachchit","10.55.138.161","16-11-13 14:58:04","1479028938"","16-11-13 15:15:45", "1479033521"
"153010029","10.207.253.163","16-11-13 15:03:50","1479028929"","16-11-13 15:15:46", "1479030511"
"153050001","10.86.63.236","16-11-13 14:50:03","1479025976"","16-11-13 15:15:55", "1479030783"
"153040040","10.37.101.90","16-11-13 14:48:33","1479027913"","16-11-13 15:16:01", "1479031969"
"153010023","10.122.242.171","16-11-13 14:51:11","1479026390"","16-11-13 15:16:02", "1479032248"
"12d070044","10.123.53.175","16-11-13 15:14:43","1479028989"","16-11-13 15:16:12", "1479033901"
"12d070026","10.225.88.126","16-11-13 15:02:59","1479029347"","16-11-13 15:16:20", "1479033417"
"manibabu","10.199.194.225","16-11-13 14:58:41","1479028623"","16-11-13 15:16:26", "1479032231"
"153010016","10.151.169.149","16-11-13 14:41:36","1479024889"","16-11-13 15:17:04", "1479031339"
"153040007","10.142.246.193","16-11-13 15:01:54","1479027230"","16-11-13 15:17:05", "1479033850"
"153040002","10.117.149.61","16-11-13 14:52:50","1479026954"","16-11-13 15:17:09", "1479031309"
"gokulmc","10.212.57.175","16-11-13 14:46:53","1479027519"","16-11-13 15:17:36", "1479032315"
"ch.ishu","10.177.5.173","16-11-13 14:40:55","1479025940"","16-11-13 15:18:00", "1479033954"
"153014006","10.44.97.174","16-11-13 15:01:47","1479029412"","16-11-13 15:18:22", "1479033419"
"143050012","10.128.225.112","16-11-13 14:41:54","1479024815"","16-11-13 15:18:30", "1479033669"
"153050003","10.223.201.37","16-11-13 15:10:32","1479029794"","16-11-13 15:18:38", "1479033325"
"153010028","10.146.123.11","16-11-13 14:57:36","1479025945"","16-11-13 15:18:53", "1479032104"
"anshula","10.42.160.226","16-11-13 15:16:33","1479028599"","16-11-13 15:19:03", "1479032474"
"110050067","10.108.209.209","16-11-13 14:41:10","1479025913"","16-11-13 15:19:29", "1479034015"
"143059001","10.99.57.33","16-11-13 14:43:45","1479027815"","16-11-13 15:19:47", "1479033585"
"13d070009","10.245.24.143","16-11-13 14:56:24","1479025694"","16-11-13 15:19:49", "1479031860"
"153010037","10.95.48.11","16-11-13 15:05:17","1479029230"","16-11-13 15:19:58", "1479031600"
"155090021","10.144.237.152","16-11-13 14:48:49","1479027227"","16-11-13 15:20:19", "1479031736"
"153040008","10.201.40.181","16-11-13 14:54:12","1479026668"","16-11-13 15:20:31", "1479032590"
"153010022","10.222.203.19","16-11-13 14:44:29","1479025292"","16-11-13 15:20:50", "1479032005"
"153010009","10.17.41.23","16-11-13 15:17:54","1479030346"","16-11-13 15:20:51", "1479032205"
"adityajj","10.32.241.205","16-11-13 15:06:08","1479027188"","16-11-13 15:21:08", "1479032950"
"jmardia","10.238.239.6","16-11-13 14:51:15","1479027418"","16-11-13 15:21:16", "1479032649"
"153010022","10.205.190.58","16-11-13 14:45:13","1479026761"","16-11-13 15:21:17", "1479034081"
"153010013","10.42.222.231","16-11-13 14:57:19","1479027117"","16-11-13 15:21:48", "1479033314"
"143050012","10.73.239.184","16-11-13 15:18:03","1479027852"","16-11-13 15:21:58", "1479031009"
"145090002","10.247.133.231","16-11-13 14:42:07","1479026837"","16-11-13 15:22:14", "1479032416"
"153050018","10.120.191.59","16-11-13 14:42:39","1479026022"","16-11-13 15:22:36", "1479033489"
"rsrahul","10.201.152.8","16-11-13 14:51:39","1479026521"","16-11-13 15:22:43", "1479033370"
"153040039","10.102.162.235","16-11-13 14:50:45","1479026057"","16-11-13 15:22:55", "1479032646"
"153010045","10.27.159.122","16-11-13 15:04:51","1479027682"","16-11-13 15:23:10", "1479033038"
"155090017","10.43.74.202","16-11-13 15:02:06","1479027578"","16-11-13 15:23:11", "1479031000"
"153010030","10.121.107.70","16-11-13 14:52:25","1479025678"","16-11-13 15:23:16", "1479033305"
"155090027","10.115.48.26","16-11-13 14:45:42","1479025815"","16-11-13 15:23:30", "1479031656"
"13d070036","10.86.77.136","16-11-13 14:53:09","1479028239"","16-11-13 15:23:31", "1479031407"
"sachchit","10.112.58.198","16-11-13 15:21:07","1479030537"","16-11-13 15:23:38", "1479033779"
"pijush","10.93.207.167","16-11-13 14:43:19","1479028331"","16-11-13 15:24:05", "1479031233"
"kketan","10.50.61.191","16-11-13 14:47:12","1479027163"","16-11-13 15:24:59", "1479034124"
"153040023","10.57.186.41","16-11-13 15:07:46","1479029016"","16-11-13 15:25:00", "1479034031"
"jmardia","10.227.208.231","16-11-13 15:00:50","1479027444"","16-11-13 15:25:08", "1479032454"
"155280004","10.211.63.52","16-11-13 14:40:49","1479027091"","16-11-13 15:25:30", "1479032702"
"163010001","10.140.242.215","16-11-13 14:42:15","1479025086"","16-11-13 15:25:47", "1479033248"
"153040016","10.73.44.78","16-11-13 14:41:45","1479024854"","16-11-13 15:25:50", "1479032449"
"12d070063","10.176.31.225","16-11-13 14:54:48","1479026209"","16-11-13 15:26:39", "1479034292"
"143059004","10.124.186.236","16-11-13 14:58:13","1479026767"","16-11-13 15:26:40", "1479031750"
"155280007","10.44.206.193","16-11-13 14:58:39","1479028020"","16-11-13 15:27:02", "1479033482"
"153040006","10.238.96.41","16-11-13 14:54:57","1479028079"","16-11-13 15:27:49", "1479033200"
"143044001","10.141.35.167","16-11-13 14:59:02","1479028538"","16-11-13 15:27:50", "1479033403"
"14305r009","10.245.216.210","16-11-13 14:48:54","1479026948"","16-11-13 15:28:10", "1479034290"
"143040009","10.222.194.212","16-11-13 14:51:51","1479028092"","16-11-13 15:28:31", "1479031500"
"145280034","10.214.18.43","16-11-13 14:41:01","1479027448"","16-11-13 15:28:43", "1479034341"
"145090006","10.114.42.104","16-11-13 14:42:02","1479025551"","16-11-13 15:28:44", "1479032131"
"123040016","10.188.115.181","16-11-13 15:02:49","1479028044"","16-11-13 15:28:56", "1479033946"
"12d070006","10.57.215.223","16-11-13 15:25:54","1479029164"","16-11-13 15:29:07", "1479033126"
"153010036","10.170.200.253","16-11-13 14:44:42","1479025997"","16-11-13 15:29:15", "1479032412"
"shrutiau","10.245.132.183","16-11-13 14:48:02","1479026673"","16-11-13 15:29:44", "1479031963"
"153050009","10.45.117.168","16-11-13 14:50:24","1479027672"","16-11-13 15:30:22", "1479034619"
"malhotra","10.189.21.213","16-11-13 15:23:29","1479030426"","16-11-13 15:30:29", "1479034791"
"shrutiau","10.49.19.162","16-11-13 15:15:24","1479027432"","16-11-13 15:30:48", "1479034804"
"155280015","10.49.51.251","16-11-13 15:10:41","1479028847"","16-11-13 15:31:52", "1479032399"
"12d070043","10.33.144.58","16-11-13 14:47:37","1479026543"","16-11-13 15:32:21", "1479032178"
"153050008","10.75.29.209","16-11-13 14:59:57","1479028711"","16-11-13 15:32:29", "1479031964"
"13d070018","10.199.65.19","16-11-13 14:52:01","1479028118"","16-11-13 15:32:46", "1479032862"
"143050012","10.200.183.16","16-11-13 15:18:52","1479030139"","16-11-13 15:32:53", "1479034621"
"153040014","10.177.239.8","16-11-13 14:44:02","1479025453"","16-11-13 15:33:01", "1479032494"
"rpsingh","10.2.16.134","16-11-13 15:00:09","1479028821"","16-11-13 15:33:05", "1479034806"
"pijush","10.65.108.165","16-11-13 15:03:20","1479029278"","16-11-13 15:33:30", "1479031511"
"153010001","10.189.190.170","16-11-13 14:54:45","1479026714"","16-11-13 15:33:42", "1479031841"
"adityajj","10.219.36.177","16-11-13 15:16:50","1479029646"","16-11-13 15:33:53", "1479032882"
"153050014","10.250.186.177","16-11-13 15:03:34","1479027884"","16-11-13 15:34:03", "1479032008"
"153040007","10.248.44.238","16-11-13 15:17:08","1479029911"","16-11-13 15:34:11", "1479033973"
"14305r003","10.167.128.198","16-11-13 14:59:48","1479029191"","16-11-13 15:34:20", "1479032668"
"153040034","10.46.214.5","16-11-13 14:48:29","1479027121"","16-11-13 15:34:27", "1479033712"
"155090013","10.224.163.108","16-11-13 15:16:00","1479026881"","16-11-13 15:34:28", "1479034089"
"155280009","10.215.205.174","16-11-13 14:41:16","1479027404"","16-11-13 15:34:33", "1479033141"
"153050012","10.180.108.237","16-11-13 14:59:27","1479026387"","16-11-13 15:34:34", "1479031796"
"153050008","10.234.10.203","16-11-13 14:59:21","1479028956"","16-11-13 15:34:43", "1479033577"
"153040042","10.169.158.192","16-11-13 14:48:11","1479026684"","16-11-13 15:34:57", "1479034761"
"12d070023","10.124.138.160","16-11-13 14:50:29","1479027383"","16-11-13 15:35:08", "1479031832"
"153010025","10.35.69.116","16-11-13 15:13:23","1479027944"","16-11-13 15:35:24", "1479033158"
"13305r004","10.43.61.14","16-11-13 15:09:03","1479028695"","16-11-13 15:35:36", "1479032246"
"145090029","10.75.94.46","16-11-13 15:23:19","1479027688"","16-11-13 15:36:21", "1479033772"
"12d070027","10.152.50.213","16-11-13 14:51:03","1479025994"","16-11-13 15:36:51", "1479032873"
"11d070021","10.158.247.236","16-11-13 14:48:26","1479025402"","16-11-13 15:36:58", "1479032805"
"153040042","10.105.95.231","16-11-13 15:04:14","1479028340"","16-11-13 15:36:59", "1479033158"
"15v011004","10.34.218.9","16-11-13 14:53:49","1479026760"","16-11-13 15:37:19", "1479031754"
"12d070006","10.220.109.195","16-11-13 15:08:34","1479029722"","16-11-13 15:37:20", "1479034891"
"13d070016","10.176.20.220","16-11-13 15:03:52","1479027457"","16-11-13 15:37:30", "1479034224"
"153040027","10.208.252.122","16-11-13 14:50:35","1479025909"","16-11-13 15:37:49", "1479033347"
"153040031","10.39.206.163","16-11-13 14:52:15","1479028350"","16-11-13 15:37:50", "1479035112"
"153040028","10.210.169.197","16-11-13 14:56:42","1479025924"","16-11-13 15:37:58", "1479034218"
"abhi333","10.104.158.103","16-11-13 14:59:35","1479028242"","16-11-13 15:37:59", "1479033021"
"ritesh.k","10.240.77.45","16-11-13 15:30:02","1479029213"","16-11-13 15:38:05", "1479032955"
"hareesh","10.173.223.131","16-11-13 14:42:53","1479027077"","16-11-13 15:38:29", "1479032048"
"malhotra","10.83.42.134","16-11-13 14:45:56","1479028004"","16-11-13 15:38:42", "1479032032"
"shrutiau","10.219.132.224","16-11-13 14:47:56","1479027938"","16-11-13 15:38:52", "1479033424"
"145090006","10.128.6.178","16-11-13 14:58:15","1479027094"","16-11-13 15:38:53", "1479035225"
"155280019","10.236.57.15","16-11-13 14:40:31","1479025748"","16-11-13 15:38:56", "1479033695"
"155090028","10.160.255.98","16-11-13 14:42:32","1479026206"","16-11-13 15:39:24", "1479034621"
"143014001","10.32.51.134","16-11-13 14:44:52","1479026083"","16-11-13 15:39:25", "1479033655"
"12d070023","10.239.66.114","16-11-13 15:30:47","1479029424"","16-11-13 15:39:36", "1479032960"
"153040019","10.84.92.246","16-11-13 15:03:25","1479026494"","16-11-13 15:39:40", "1479032521"
"155090027","10.120.191.185","16-11-13 15:29:47","1479028890"","16-11-13 15:39:42", "1479032427"
"145090029","10.176.135.165","16-11-13 15:07:21","1479029392"","16-11-13 15:39:54", "1479035052"
"vkanvar","10.111.219.27","16-11-13 14:43:42","1479026258"","16-11-13 15:40:08", "1479034604"
"153040004","10.78.87.118","16-11-13 14:56:15","1479025728"","16-11-13 15:40:09", "1479033932"
"143044001","10.162.149.213","16-11-13 15:00:00","1479027968"","16-11-13 15:40:16", "1479033858"
"15v011004","10.85.229.162","16-11-13 14:49:22","1479025908"","16-11-13 15:40:41", "1479034670"
"ayush007","10.46.166.145","16-11-13 14:44:57","1479026681"","16-11-13 15:40:48", "1479033065"
"pritamg","10.244.31.202","16-11-13 14:51:35","1479027928"","16-11-13 15:40:57", "1479034393"
"153040026","10.135.247.212","16-11-13 15:12:56","1479027518"","16-11-13 15:40:58", "1479034458"
"130070001","10.188.75.81","16-11-13 15:16:11","1479028651"","16-11-13 15:40:59", "1479033129"
"145090006","10.227.182.244","16-11-13 14:54:06","1479028345"","16-11-13 15:41:02", "1479032650"
"12d070043","10.232.206.125","16-11-13 15:07:57","1479029723"","16-11-13 15:41:13", "1479034682"
"12d070015","10.94.185.191","16-11-13 15:18:07","1479027256"","16-11-13 15:41:14", "1479032962"
"155280015","10.8.107.49","16-11-13 15:35:41","1479029064"","16-11-13 15:41:40", "1479032513"
"153010036","10.120.90.164","16-11-13 15:35:23","1479029020"","16-11-13 15:41:50", "1479033668"
"153050018","10.138.109.73","16-11-13 15:00:06","1479027476"","16-11-13 15:41:51", "1479032615"
"155280008","10.173.246.239","16-11-13 15:09:29","1479029715"","16-11-13 15:41:56", "1479035258"
"12d070024","10.164.110.20","16-11-13 14:53:17","1479028048"","16-11-13 15:42:04", "1479032828"
"153040008","10.18.251.10","16-11-13 15:05:50","1479029556"","16-11-13 15:42:10", "1479034954"
"153040005","10.34.189.55","16-11-13 14:53:26","1479026403"","16-11-13 15:42:34", "1479035156"
"rushabhrambhia","10.3.151.45","16-11-13 14:46:18","1479027940"","16-11-13 15:43:11", "1479034666"
"mustafa","10.102.124.183","16-11-13 14:56:53","1479027259"","16-11-13 15:43:34", "1479032314"
"neiladit","10.251.38.122","16-11-13 15:04:39","1479028751"","16-11-13 15:44:07", "1479034922"
"rsrahul","10.201.152.8","16-11-13 14:51:39","1479026521"","16-11-13 15:44:48", "1479034085"
"163010002","10.144.77.65","16-11-13 14:45:34","1479025652"","16-11-13 15:44:49", "1479033396"
"12d070023","10.60.68.181","16-11-13 15:22:54","1479028943"","16-11-13 15:44:50", "1479032950"
"153010025","10.233.145.254","16-11-13 15:13:36","1479027386"","16-11-13 15:45:09", "1479035295"
"155280012","10.55.89.4","16-11-13 15:13:48","1479026855"","16-11-13 15:45:10", "1479035112"
"swapnilb","10.253.229.145","16-11-13 15:19:39","1479027633"","16-11-13 15:45:36", "1479034400"
"153040027","10.34.190.102","16-11-13 15:28:17","1479030985"","16-11-13 15:45:48", "1479033829"
